{"environment":"flywheel","phpVersion":"7.0.3","mysqlVersion":"5.5","webServer":"nginx","devMode":true,"adminUsername":"factor1admin","adminPassword":"factor1dev","adminEmail":"development@factor1studios.com","multiSite":"no","name":"factor1blueprint","path":"/Users/ericstout/Local Sites/factor1blueprint","domain":"factor1blueprint.local","id":"r11ZOn9sz","localVersion":"2.2.4","container":"7673d8848a9c4001c188390d9a9e58394bd0cc28e1a50044fdc06bc998efdf1f","mysql":{"database":"local","user":"root","password":"root"},"ports":{"HTTP":4000,"HTTPS":4003,"MYSQL":4004,"MAILCATCHER":4005},"environmentVersion":"1.1","sslSHA1":"1CBA08B1FA18C48EC2C92750303E23D8F53EA433"}