{"environment":"flywheel","phpVersion":"7.2.9","mysqlVersion":"5.7","webServer":"nginx","devMode":true,"multiSite":"no","name":"Factor1 Blueprint","path":"/Users/melanie/Documents/Sites/test-site","domain":"test-site.test","id":"AtPV5gI0M","localVersion":"3.3.0","container":"2ee65f7bcaf87e66b38300b742b20aad3a49fbf2d9b8e7cc8856220a07c7f787","mysql":{"database":"local","user":"root","password":"root"},"ports":{"HTTP":4008,"HTTPS":4009,"MYSQL":4010,"MAILCATCHER":4011},"workspace":null,"environmentVersion":"1.3.2","sslSHA1":"b009968e57919b47b102795c8879455a7ed199a7"}