{"id":"BJIpgBF_4","path":"/Users/melanie/Documents/Sites/test-site","localVersion":"2.4.3","devMode":true,"container":"dea48827ff2805e9706aa3e8e3113c7c7317a46a1f2cbef991813ebd805d5563","phpVersion":"7.0.3","webServer":"nginx","mysqlVersion":"5.5","multiSite":null,"mysql":{"database":"local","user":"root","password":"root"},"ports":{"HTTP":4028,"HTTPS":4029,"MYSQL":4030,"MAILCATCHER":4031},"flywheelConnect":null,"name":"factor1blueprint","domain":"test-site.test","environment":"flywheel","blueprint":"factor1blueprint copy.zip","environmentVersion":"1.3.2","sslSHA1":"40f20377b42d7fdc533045ae9dbac21da419273d"}