{"environment":"flywheel","phpVersion":"7.2.9","mysqlVersion":"5.7","webServer":"nginx","devMode":true,"multiSite":"no","name":"Factor1 Boilerplate Site 1.01","path":"/Users/melanie/Documents/Web Development/Sites/demo-site","domain":"demo-site.test","id":"Cd9Rjt9kA","localVersion":"3.3.0","container":"cf921a5786b05b6a965a90f3c7a711835ce326209ae0828eeee8b8b7f3f864b6","mysql":{"database":"local","user":"root","password":"root"},"ports":{"HTTP":4073,"HTTPS":4074,"MYSQL":4075,"MAILCATCHER":4076},"workspace":null,"environmentVersion":"1.3.2","sslSHA1":"1bc0d1d6425bb984e7eab04675c3dd82bbe00435"}